date,commits,self_review,time_first_review_staff,time_first_review_total,time_first_review_volunteer,time_plus2_staff,time_plus2_total,time_plus2_volunteer
2012-05-21,1,0,0,0,0,0,0,0
2012-05-22,0,0,0,0,0,0,0,0
2012-05-23,0,0,0,0,0,0,0,0
2012-05-24,1,0,0,0,0,0,0,0
2012-05-25,0,0,0,0,0,0,0,0
2012-05-26,0,0,0,0,0,0,0,0
2012-05-27,0,0,0,0,0,0,0,0
2012-05-28,0,0,0,0,0,0,0,0
2012-05-29,1,0,0,0,0,0,0,0
2012-05-30,0,0,0,0,0,0,0,0
2012-05-31,0,0,0,0,0,0,0,0
2012-06-01,0,0,0,0,0,0,0,0
2012-06-02,0,0,0,0,0,0,0,0
2012-06-03,0,0,0,0,0,0,0,0
2012-06-04,0,0,0,0,0,0,0,0
2012-06-05,0,0,0,0,0,0,0,0
2012-06-06,0,0,0,0,0,0,0,0
2012-06-07,0,0,0,0,0,0,0,0
2012-06-08,0,0,0,0,0,0,0,0
2012-06-09,0,0,0,0,0,0,0,0
2012-06-10,0,0,0,0,0,0,0,0
2012-06-11,0,0,0,0,0,0,0,0
2012-06-12,0,0,0,0,0,0,0,0
2012-06-13,0,0,0,0,0,0,0,0
2012-06-14,0,0,0,0,0,0,0,0
2012-06-15,0,0,0,0,0,0,0,0
2012-06-16,0,0,0,0,0,0,0,0
2012-06-17,0,0,0,0,0,0,0,0
2012-06-18,0,0,0,0,0,0,0,0
2012-06-19,0,0,0,0,0,0,0,0
2012-06-20,4,0,2,2,0,0,0,0
2012-06-21,1,0,2,2,0,0,0,0
2012-06-22,1,0,2,2,0,0,0,0
2012-06-23,1,0,2,2,0,0,0,0
2012-06-24,1,0,2,2,0,0,0,0
2012-06-25,0,0,2,2,0,0,0,0
2012-06-26,0,0,2,2,0,0,0,0
2012-06-27,0,0,2,2,0,0,0,0
2012-06-28,1,0,2,2,0,0,0,0
2012-06-29,1,0,2,2,0,0,0,0
2012-06-30,0,0,2,2,0,0,0,0
2012-07-01,1,0,2,2,0,0,0,0
2012-07-02,1,0,2,2,0,1,1,0
2012-07-03,0,0,2,2,0,1,1,0
2012-07-04,1,0,0,0,0,1,1,0
2012-07-05,0,0,0,0,0,1,1,0
2012-07-06,0,0,0,0,0,1,1,0
2012-07-07,0,0,0,0,0,1,1,0
2012-07-08,0,0,0,0,0,1,1,0
2012-07-09,0,0,0,0,0,0,0,0
2012-05-21,1,0,0,0,0,0,0,0
2012-05-22,0,0,0,0,0,0,0,0
2012-05-23,0,0,0,0,0,0,0,0
2012-05-24,1,0,0,0,0,0,0,0
2012-05-25,0,0,0,0,0,0,0,0
2012-05-26,0,0,0,0,0,0,0,0
2012-05-27,0,0,0,0,0,0,0,0
2012-05-28,0,0,0,0,0,0,0,0
2012-05-29,1,0,0,0,0,0,0,0
2012-05-30,0,0,0,0,0,0,0,0
2012-05-31,0,0,0,0,0,0,0,0
2012-06-01,0,0,0,0,0,0,0,0
2012-06-02,0,0,0,0,0,0,0,0
2012-06-03,0,0,0,0,0,0,0,0
2012-06-04,0,0,0,0,0,0,0,0
2012-06-05,0,0,0,0,0,0,0,0
2012-06-06,0,0,0,0,0,0,0,0
2012-06-07,0,0,0,0,0,0,0,0
2012-06-08,0,0,0,0,0,0,0,0
2012-06-09,0,0,0,0,0,0,0,0
2012-06-10,0,0,0,0,0,0,0,0
2012-06-11,0,0,0,0,0,0,0,0
2012-06-12,0,0,0,0,0,0,0,0
2012-06-13,0,0,0,0,0,0,0,0
2012-06-14,0,0,0,0,0,0,0,0
2012-06-15,0,0,0,0,0,0,0,0
2012-06-16,0,0,0,0,0,0,0,0
2012-06-17,0,0,0,0,0,0,0,0
2012-06-18,0,0,0,0,0,0,0,0
2012-06-19,0,0,0,0,0,0,0,0
2012-06-20,4,0,2,2,0,0,0,0
2012-06-21,1,0,2,2,0,0,0,0
2012-06-22,1,0,2,2,0,0,0,0
2012-06-23,1,0,2,2,0,0,0,0
2012-06-24,1,0,2,2,0,0,0,0
2012-06-25,0,0,2,2,0,0,0,0
2012-06-26,0,0,2,2,0,0,0,0
2012-06-27,0,0,2,2,0,0,0,0
2012-06-28,1,0,2,2,0,0,0,0
2012-06-29,1,0,2,2,0,0,0,0
2012-06-30,0,0,2,2,0,0,0,0
2012-07-01,1,0,2,2,0,0,0,0
2012-07-02,1,0,2,2,0,1,1,0
2012-07-03,0,0,2,2,0,1,1,0
2012-07-04,1,0,0,0,0,1,1,0
2012-07-05,0,0,0,0,0,1,1,0
2012-07-06,0,0,0,0,0,1,1,0
2012-07-07,0,0,0,0,0,1,1,0
2012-07-08,0,0,0,0,0,1,1,0
2012-07-09,0,0,0,0,0,0,0,0
2012-05-21,1,0,0,0,0,0,0,0
2012-05-22,0,0,0,0,0,0,0,0
2012-05-23,0,0,0,0,0,0,0,0
2012-05-24,1,0,0,0,0,0,0,0
2012-05-25,0,0,0,0,0,0,0,0
2012-05-26,0,0,0,0,0,0,0,0
2012-05-27,0,0,0,0,0,0,0,0
2012-05-28,0,0,0,0,0,0,0,0
2012-05-29,1,0,0,0,0,0,0,0
2012-05-30,0,0,0,0,0,0,0,0
2012-05-31,0,0,0,0,0,0,0,0
2012-06-01,0,0,0,0,0,0,0,0
2012-06-02,0,0,0,0,0,0,0,0
2012-06-03,0,0,0,0,0,0,0,0
2012-06-04,0,0,0,0,0,0,0,0
2012-06-05,0,0,0,0,0,0,0,0
2012-06-06,0,0,0,0,0,0,0,0
2012-06-07,0,0,0,0,0,0,0,0
2012-06-08,0,0,0,0,0,0,0,0
2012-06-09,0,0,0,0,0,0,0,0
2012-06-10,0,0,0,0,0,0,0,0
2012-06-11,0,0,0,0,0,0,0,0
2012-06-12,0,0,0,0,0,0,0,0
2012-06-13,0,0,0,0,0,0,0,0
2012-06-14,0,0,0,0,0,0,0,0
2012-06-15,0,0,0,0,0,0,0,0
2012-06-16,0,0,0,0,0,0,0,0
2012-06-17,0,0,0,0,0,0,0,0
2012-06-18,0,0,0,0,0,0,0,0
2012-06-19,0,0,0,0,0,0,0,0
2012-06-20,4,0,2,2,0,0,0,0
2012-06-21,1,0,2,2,0,0,0,0
2012-06-22,1,0,2,2,0,0,0,0
2012-06-23,1,0,2,2,0,0,0,0
2012-06-24,1,0,2,2,0,0,0,0
2012-06-25,0,0,2,2,0,0,0,0
2012-06-26,0,0,2,2,0,0,0,0
2012-06-27,0,0,2,2,0,0,0,0
2012-06-28,1,0,2,2,0,0,0,0
2012-06-29,1,0,2,2,0,0,0,0
2012-06-30,0,0,2,2,0,0,0,0
2012-07-01,1,0,2,2,0,0,0,0
2012-07-02,1,0,2,2,0,1,1,0
2012-07-03,0,0,2,2,0,1,1,0
2012-07-04,1,0,0,0,0,1,1,0
2012-07-05,0,0,0,0,0,1,1,0
2012-07-06,0,0,0,0,0,1,1,0
2012-07-07,0,0,0,0,0,1,1,0
2012-07-08,0,0,0,0,0,1,1,0
2012-07-09,0,0,0,0,0,0,0,0
2012-05-21,1,0,0,0,0,0,0,0
2012-05-22,0,0,0,0,0,0,0,0
2012-05-23,0,0,0,0,0,0,0,0
2012-05-24,1,0,0,0,0,0,0,0
2012-05-25,0,0,0,0,0,0,0,0
2012-05-26,0,0,0,0,0,0,0,0
2012-05-27,0,0,0,0,0,0,0,0
2012-05-28,0,0,0,0,0,0,0,0
2012-05-29,1,0,0,0,0,0,0,0
2012-05-30,0,0,0,0,0,0,0,0
2012-05-31,0,0,0,0,0,0,0,0
2012-06-01,0,0,0,0,0,0,0,0
2012-06-02,0,0,0,0,0,0,0,0
2012-06-03,0,0,0,0,0,0,0,0
2012-06-04,0,0,0,0,0,0,0,0
2012-06-05,0,0,0,0,0,0,0,0
2012-06-06,0,0,0,0,0,0,0,0
2012-06-07,0,0,0,0,0,0,0,0
2012-06-08,0,0,0,0,0,0,0,0
2012-06-09,0,0,0,0,0,0,0,0
2012-06-10,0,0,0,0,0,0,0,0
2012-06-11,0,0,0,0,0,0,0,0
2012-06-12,0,0,0,0,0,0,0,0
2012-06-13,0,0,0,0,0,0,0,0
2012-06-14,0,0,0,0,0,0,0,0
2012-06-15,0,0,0,0,0,0,0,0
2012-06-16,0,0,0,0,0,0,0,0
2012-06-17,0,0,0,0,0,0,0,0
2012-06-18,0,0,0,0,0,0,0,0
2012-06-19,0,0,0,0,0,0,0,0
2012-06-20,4,0,2,2,0,0,0,0
2012-06-21,1,0,2,2,0,0,0,0
2012-06-22,1,0,2,2,0,0,0,0
2012-06-23,1,0,2,2,0,0,0,0
2012-06-24,1,0,2,2,0,0,0,0
2012-06-25,0,0,2,2,0,0,0,0
2012-06-26,0,0,2,2,0,0,0,0
2012-06-27,0,0,2,2,0,0,0,0
2012-06-28,1,0,2,2,0,0,0,0
2012-06-29,1,0,2,2,0,0,0,0
2012-06-30,0,0,2,2,0,0,0,0
2012-07-01,1,0,2,2,0,0,0,0
2012-07-02,1,0,2,2,0,1,1,0
2012-07-03,0,0,2,2,0,1,1,0
2012-07-04,1,0,0,0,0,1,1,0
2012-07-05,0,0,0,0,0,1,1,0
2012-07-06,0,0,0,0,0,1,1,0
2012-07-07,0,0,0,0,0,1,1,0
2012-07-08,0,0,0,0,0,1,1,0
2012-07-09,0,0,0,0,0,0,0,0
2012-05-21,1,0,0,0,0,0,0,0
2012-05-22,0,0,0,0,0,0,0,0
2012-05-23,0,0,0,0,0,0,0,0
2012-05-24,1,0,0,0,0,0,0,0
2012-05-25,0,0,0,0,0,0,0,0
2012-05-26,0,0,0,0,0,0,0,0
2012-05-27,0,0,0,0,0,0,0,0
2012-05-28,0,0,0,0,0,0,0,0
2012-05-29,1,0,0,0,0,0,0,0
2012-05-30,0,0,0,0,0,0,0,0
2012-05-31,0,0,0,0,0,0,0,0
2012-06-01,0,0,0,0,0,0,0,0
2012-06-02,0,0,0,0,0,0,0,0
2012-06-03,0,0,0,0,0,0,0,0
2012-06-04,0,0,0,0,0,0,0,0
2012-06-05,0,0,0,0,0,0,0,0
2012-06-06,0,0,0,0,0,0,0,0
2012-06-07,0,0,0,0,0,0,0,0
2012-06-08,0,0,0,0,0,0,0,0
2012-06-09,0,0,0,0,0,0,0,0
2012-06-10,0,0,0,0,0,0,0,0
2012-06-11,0,0,0,0,0,0,0,0
2012-06-12,0,0,0,0,0,0,0,0
2012-06-13,0,0,0,0,0,0,0,0
2012-06-14,0,0,0,0,0,0,0,0
2012-06-15,0,0,0,0,0,0,0,0
2012-06-16,0,0,0,0,0,0,0,0
2012-06-17,0,0,0,0,0,0,0,0
2012-06-18,0,0,0,0,0,0,0,0
2012-06-19,0,0,0,0,0,0,0,0
2012-06-20,4,0,2,2,0,0,0,0
2012-06-21,1,0,2,2,0,0,0,0
2012-06-22,1,0,2,2,0,0,0,0
2012-06-23,1,0,2,2,0,0,0,0
2012-06-24,1,0,2,2,0,0,0,0
2012-06-25,0,0,2,2,0,0,0,0
2012-06-26,0,0,2,2,0,0,0,0
2012-06-27,0,0,2,2,0,0,0,0
2012-06-28,1,0,2,2,0,0,0,0
2012-06-29,1,0,2,2,0,0,0,0
2012-06-30,0,0,2,2,0,0,0,0
2012-07-01,1,0,2,2,0,0,0,0
2012-07-02,1,0,2,2,0,1,1,0
2012-07-03,0,0,2,2,0,1,1,0
2012-07-04,1,0,0,0,0,1,1,0
2012-07-05,0,0,0,0,0,1,1,0
2012-07-06,0,0,0,0,0,1,1,0
2012-07-07,0,0,0,0,0,1,1,0
2012-07-08,0,0,0,0,0,1,1,0
2012-07-09,1,0,0,0,0,1,1,0
2012-07-10,0,0,0,0,0,0,0,0
2012-05-21,1,0,0,0,0,0,0,0
2012-05-22,0,0,0,0,0,0,0,0
2012-05-23,0,0,0,0,0,0,0,0
2012-05-24,1,0,0,0,0,0,0,0
2012-05-25,0,0,0,0,0,0,0,0
2012-05-26,0,0,0,0,0,0,0,0
2012-05-27,0,0,0,0,0,0,0,0
2012-05-28,0,0,0,0,0,0,0,0
2012-05-29,1,0,0,0,0,0,0,0
2012-05-30,0,0,0,0,0,0,0,0
2012-05-31,0,0,0,0,0,0,0,0
2012-06-01,0,0,0,0,0,0,0,0
2012-06-02,0,0,0,0,0,0,0,0
2012-06-03,0,0,0,0,0,0,0,0
2012-06-04,0,0,0,0,0,0,0,0
2012-06-05,0,0,0,0,0,0,0,0
2012-06-06,0,0,0,0,0,0,0,0
2012-06-07,0,0,0,0,0,0,0,0
2012-06-08,0,0,0,0,0,0,0,0
2012-06-09,0,0,0,0,0,0,0,0
2012-06-10,0,0,0,0,0,0,0,0
2012-06-11,0,0,0,0,0,0,0,0
2012-06-12,0,0,0,0,0,0,0,0
2012-06-13,0,0,0,0,0,0,0,0
2012-06-14,0,0,0,0,0,0,0,0
2012-06-15,0,0,0,0,0,0,0,0
2012-06-16,0,0,0,0,0,0,0,0
2012-06-17,0,0,0,0,0,0,0,0
2012-06-18,0,0,0,0,0,0,0,0
2012-06-19,0,0,0,0,0,0,0,0
2012-06-20,4,0,2,2,0,0,0,0
2012-06-21,1,0,2,2,0,0,0,0
2012-06-22,1,0,2,2,0,0,0,0
2012-06-23,1,0,2,2,0,0,0,0
2012-06-24,1,0,2,2,0,0,0,0
2012-06-25,0,0,2,2,0,0,0,0
2012-06-26,0,0,2,2,0,0,0,0
2012-06-27,0,0,2,2,0,0,0,0
2012-06-28,1,0,2,2,0,0,0,0
2012-06-29,1,0,2,2,0,0,0,0
2012-06-30,0,0,2,2,0,0,0,0
2012-07-01,1,0,2,2,0,0,0,0
2012-07-02,1,0,2,2,0,1,1,0
2012-07-03,0,0,2,2,0,1,1,0
2012-07-04,1,0,0,0,0,1,1,0
2012-07-05,0,0,0,0,0,1,1,0
2012-07-06,0,0,0,0,0,1,1,0
2012-07-07,0,0,0,0,0,1,1,0
2012-07-08,0,0,0,0,0,1,1,0
2012-07-09,1,0,0,0,0,1,1,0
2012-07-10,0,0,0,0,0,0,0,0
2012-07-11,0,0,0,0,0,0,0,0
2012-07-12,0,0,0,0,0,0,0,0
2012-07-13,0,0,0,0,0,0,0,0
2012-07-14,0,0,0,0,0,0,0,0
2012-07-15,0,0,0,0,0,0,0,0
2012-07-16,0,0,0,0,0,0,0,0
2012-07-17,0,0,0,0,0,0,0,0
2012-07-18,0,0,0,0,0,0,0,0
2012-07-19,0,0,0,0,0,0,0,0
2012-07-20,0,0,0,0,0,0,0,0
2012-07-21,0,0,0,0,0,0,0,0
2012-07-22,0,0,0,0,0,0,0,0
2012-07-23,0,0,0,0,0,0,0,0
2012-07-24,0,0,0,0,0,0,0,0
2012-05-21,1,0,0,0,0,0,0,0
2012-05-22,0,0,0,0,0,0,0,0
2012-05-23,0,0,0,0,0,0,0,0
2012-05-24,1,0,0,0,0,0,0,0
2012-05-25,0,0,0,0,0,0,0,0
2012-05-26,0,0,0,0,0,0,0,0
2012-05-27,0,0,0,0,0,0,0,0
2012-05-28,0,0,0,0,0,0,0,0
2012-05-29,1,0,0,0,0,0,0,0
2012-05-30,0,0,0,0,0,0,0,0
2012-05-31,0,0,0,0,0,0,0,0
2012-06-01,0,0,0,0,0,0,0,0
2012-06-02,0,0,0,0,0,0,0,0
2012-06-03,0,0,0,0,0,0,0,0
2012-06-04,0,0,0,0,0,0,0,0
2012-06-05,0,0,0,0,0,0,0,0
2012-06-06,0,0,0,0,0,0,0,0
2012-06-07,0,0,0,0,0,0,0,0
2012-06-08,0,0,0,0,0,0,0,0
2012-06-09,0,0,0,0,0,0,0,0
2012-06-10,0,0,0,0,0,0,0,0
2012-06-11,0,0,0,0,0,0,0,0
2012-06-12,0,0,0,0,0,0,0,0
2012-06-13,0,0,0,0,0,0,0,0
2012-06-14,0,0,0,0,0,0,0,0
2012-06-15,0,0,0,0,0,0,0,0
2012-06-16,0,0,0,0,0,0,0,0
2012-06-17,0,0,0,0,0,0,0,0
2012-06-18,0,0,0,0,0,0,0,0
2012-06-19,0,0,0,0,0,0,0,0
2012-06-20,4,0,2,2,0,0,0,0
2012-06-21,1,0,2,2,0,0,0,0
2012-06-22,1,0,2,2,0,0,0,0
2012-06-23,1,0,2,2,0,0,0,0
2012-06-24,1,0,2,2,0,0,0,0
2012-06-25,0,0,2,2,0,0,0,0
2012-06-26,0,0,2,2,0,0,0,0
2012-06-27,0,0,2,2,0,0,0,0
2012-06-28,1,0,2,2,0,0,0,0
2012-06-29,1,0,2,2,0,0,0,0
2012-06-30,0,0,2,2,0,0,0,0
2012-07-01,1,0,2,2,0,0,0,0
2012-07-02,1,0,2,2,0,1,1,0
2012-07-03,0,0,2,2,0,1,1,0
2012-07-04,1,0,0,0,0,1,1,0
2012-07-05,0,0,0,0,0,1,1,0
2012-07-06,0,0,0,0,0,1,1,0
2012-07-07,0,0,0,0,0,1,1,0
2012-07-08,0,0,0,0,0,1,1,0
2012-07-09,1,0,0,0,0,1,1,0
2012-07-10,0,0,0,0,0,0,0,0
2012-07-11,0,0,0,0,0,0,0,0
2012-07-12,0,0,0,0,0,0,0,0
2012-07-13,0,0,0,0,0,0,0,0
2012-07-14,0,0,0,0,0,0,0,0
2012-07-15,0,0,0,0,0,0,0,0
2012-07-16,0,0,0,0,0,0,0,0
2012-07-17,0,0,0,0,0,0,0,0
2012-07-18,0,0,0,0,0,0,0,0
2012-07-19,0,0,0,0,0,0,0,0
2012-07-20,0,0,0,0,0,0,0,0
2012-07-21,0,0,0,0,0,0,0,0
2012-07-22,0,0,0,0,0,0,0,0
2012-07-23,0,0,0,0,0,0,0,0
2012-07-24,0,0,0,0,0,0,0,0
2012-05-21,1,0,0,0,0,0,0,0
2012-05-22,0,0,0,0,0,0,0,0
2012-05-23,0,0,0,0,0,0,0,0
2012-05-24,1,0,0,0,0,0,0,0
2012-05-25,0,0,0,0,0,0,0,0
2012-05-26,0,0,0,0,0,0,0,0
2012-05-27,0,0,0,0,0,0,0,0
2012-05-28,0,0,0,0,0,0,0,0
2012-05-29,1,0,0,0,0,0,0,0
2012-05-30,0,0,0,0,0,0,0,0
2012-05-31,0,0,0,0,0,0,0,0
2012-06-01,0,0,0,0,0,0,0,0
2012-06-02,0,0,0,0,0,0,0,0
2012-06-03,0,0,0,0,0,0,0,0
2012-06-04,0,0,0,0,0,0,0,0
2012-06-05,0,0,0,0,0,0,0,0
2012-06-06,0,0,0,0,0,0,0,0
2012-06-07,0,0,0,0,0,0,0,0
2012-06-08,0,0,0,0,0,0,0,0
2012-06-09,0,0,0,0,0,0,0,0
2012-06-10,0,0,0,0,0,0,0,0
2012-06-11,0,0,0,0,0,0,0,0
2012-06-12,0,0,0,0,0,0,0,0
2012-06-13,0,0,0,0,0,0,0,0
2012-06-14,0,0,0,0,0,0,0,0
2012-06-15,0,0,0,0,0,0,0,0
2012-06-16,0,0,0,0,0,0,0,0
2012-06-17,0,0,0,0,0,0,0,0
2012-06-18,0,0,0,0,0,0,0,0
2012-06-19,0,0,0,0,0,0,0,0
2012-06-20,4,0,2,2,0,0,0,0
2012-06-21,1,0,2,2,0,0,0,0
2012-06-22,1,0,2,2,0,0,0,0
2012-06-23,1,0,2,2,0,0,0,0
2012-06-24,1,0,2,2,0,0,0,0
2012-06-25,0,0,2,2,0,0,0,0
2012-06-26,0,0,2,2,0,0,0,0
2012-06-27,0,0,2,2,0,0,0,0
2012-06-28,1,0,2,2,0,0,0,0
2012-06-29,1,0,2,2,0,0,0,0
2012-06-30,0,0,2,2,0,0,0,0
2012-07-01,1,0,2,2,0,0,0,0
2012-07-02,1,0,2,2,0,1,1,0
2012-07-03,0,0,2,2,0,1,1,0
2012-07-04,1,0,0,0,0,1,1,0
2012-07-05,0,0,0,0,0,1,1,0
2012-07-06,0,0,0,0,0,1,1,0
2012-07-07,0,0,0,0,0,1,1,0
2012-07-08,0,0,0,0,0,1,1,0
2012-07-09,1,0,0,0,0,1,1,0
2012-07-10,0,0,0,0,0,0,0,0
2012-07-11,0,0,0,0,0,0,0,0
2012-07-12,0,0,0,0,0,0,0,0
2012-07-13,0,0,0,0,0,0,0,0
2012-07-14,0,0,0,0,0,0,0,0
2012-07-15,0,0,0,0,0,0,0,0
2012-07-16,0,0,0,0,0,0,0,0
2012-07-17,0,0,0,0,0,0,0,0
2012-07-18,0,0,0,0,0,0,0,0
2012-07-19,0,0,0,0,0,0,0,0
2012-07-20,0,0,0,0,0,0,0,0
2012-07-21,0,0,0,0,0,0,0,0
2012-07-22,0,0,0,0,0,0,0,0
2012-07-23,0,0,0,0,0,0,0,0
2012-07-24,0,0,0,0,0,0,0,0
2012-05-21,1,0,0,0,0,0,0,0
2012-05-22,0,0,0,0,0,0,0,0
2012-05-23,0,0,0,0,0,0,0,0
2012-05-24,1,0,0,0,0,0,0,0
2012-05-25,0,0,0,0,0,0,0,0
2012-05-26,0,0,0,0,0,0,0,0
2012-05-27,0,0,0,0,0,0,0,0
2012-05-28,0,0,0,0,0,0,0,0
2012-05-29,1,0,0,0,0,0,0,0
2012-05-30,0,0,0,0,0,0,0,0
2012-05-31,0,0,0,0,0,0,0,0
2012-06-01,0,0,0,0,0,0,0,0
2012-06-02,0,0,0,0,0,0,0,0
2012-06-03,0,0,0,0,0,0,0,0
2012-06-04,0,0,0,0,0,0,0,0
2012-06-05,0,0,0,0,0,0,0,0
2012-06-06,0,0,0,0,0,0,0,0
2012-06-07,0,0,0,0,0,0,0,0
2012-06-08,0,0,0,0,0,0,0,0
2012-06-09,0,0,0,0,0,0,0,0
2012-06-10,0,0,0,0,0,0,0,0
2012-06-11,0,0,0,0,0,0,0,0
2012-06-12,0,0,0,0,0,0,0,0
2012-06-13,0,0,0,0,0,0,0,0
2012-06-14,0,0,0,0,0,0,0,0
2012-06-15,0,0,0,0,0,0,0,0
2012-06-16,0,0,0,0,0,0,0,0
2012-06-17,0,0,0,0,0,0,0,0
2012-06-18,0,0,0,0,0,0,0,0
2012-06-19,0,0,0,0,0,0,0,0
2012-06-20,4,0,2,2,0,0,0,0
2012-06-21,1,0,2,2,0,0,0,0
2012-06-22,1,0,2,2,0,0,0,0
2012-06-23,1,0,2,2,0,0,0,0
2012-06-24,1,0,2,2,0,0,0,0
2012-06-25,0,0,2,2,0,0,0,0
2012-06-26,0,0,2,2,0,0,0,0
2012-06-27,0,0,2,2,0,0,0,0
2012-06-28,1,0,2,2,0,0,0,0
2012-06-29,1,0,2,2,0,0,0,0
2012-06-30,0,0,2,2,0,0,0,0
2012-07-01,1,0,2,2,0,0,0,0
2012-07-02,1,0,2,2,0,1,1,0
2012-07-03,0,0,2,2,0,1,1,0
2012-07-04,1,0,0,0,0,1,1,0
2012-07-05,0,0,0,0,0,1,1,0
2012-07-06,0,0,0,0,0,1,1,0
2012-07-07,0,0,0,0,0,1,1,0
2012-07-08,0,0,0,0,0,1,1,0
2012-07-09,1,0,0,0,0,1,1,0
2012-07-10,0,0,0,0,0,0,0,0
2012-07-11,0,0,0,0,0,0,0,0
2012-07-12,0,0,0,0,0,0,0,0
2012-07-13,0,0,0,0,0,0,0,0
2012-07-14,0,0,0,0,0,0,0,0
2012-07-15,0,0,0,0,0,0,0,0
2012-07-16,0,0,0,0,0,0,0,0
2012-07-17,0,0,0,0,0,0,0,0
2012-07-18,0,0,0,0,0,0,0,0
2012-07-19,0,0,0,0,0,0,0,0
2012-07-20,0,0,0,0,0,0,0,0
2012-07-21,0,0,0,0,0,0,0,0
2012-07-22,0,0,0,0,0,0,0,0
2012-07-23,0,0,0,0,0,0,0,0
2012-07-24,0,0,0,0,0,0,0,0
2012-07-25,0,0,0,0,0,0,0,0
2012-05-21,1,0,0,0,0,0,0,0
2012-05-22,0,0,0,0,0,0,0,0
2012-05-23,0,0,0,0,0,0,0,0
2012-05-24,1,0,0,0,0,0,0,0
2012-05-25,0,0,0,0,0,0,0,0
2012-05-26,0,0,0,0,0,0,0,0
2012-05-27,0,0,0,0,0,0,0,0
2012-05-28,0,0,0,0,0,0,0,0
2012-05-29,1,0,0,0,0,0,0,0
2012-05-30,0,0,0,0,0,0,0,0
2012-05-31,0,0,0,0,0,0,0,0
2012-06-01,0,0,0,0,0,0,0,0
2012-06-02,0,0,0,0,0,0,0,0
2012-06-03,0,0,0,0,0,0,0,0
2012-06-04,0,0,0,0,0,0,0,0
2012-06-05,0,0,0,0,0,0,0,0
2012-06-06,0,0,0,0,0,0,0,0
2012-06-07,0,0,0,0,0,0,0,0
2012-06-08,0,0,0,0,0,0,0,0
2012-06-09,0,0,0,0,0,0,0,0
2012-06-10,0,0,0,0,0,0,0,0
2012-06-11,0,0,0,0,0,0,0,0
2012-06-12,0,0,0,0,0,0,0,0
2012-06-13,0,0,0,0,0,0,0,0
2012-06-14,0,0,0,0,0,0,0,0
2012-06-15,0,0,0,0,0,0,0,0
2012-06-16,0,0,0,0,0,0,0,0
2012-06-17,0,0,0,0,0,0,0,0
2012-06-18,0,0,0,0,0,0,0,0
2012-06-19,0,0,0,0,0,0,0,0
2012-06-20,4,0,2,2,0,0,0,0
2012-06-21,1,0,2,2,0,0,0,0
2012-06-22,1,0,2,2,0,0,0,0
2012-06-23,1,0,2,2,0,0,0,0
2012-06-24,1,0,2,2,0,0,0,0
2012-06-25,0,0,2,2,0,0,0,0
2012-06-26,0,0,2,2,0,0,0,0
2012-06-27,0,0,2,2,0,0,0,0
2012-06-28,1,0,2,2,0,0,0,0
2012-06-29,1,0,2,2,0,0,0,0
2012-06-30,0,0,2,2,0,0,0,0
2012-07-01,1,0,2,2,0,0,0,0
2012-07-02,1,0,2,2,0,1,1,0
2012-07-03,0,0,2,2,0,1,1,0
2012-07-04,1,0,0,0,0,1,1,0
2012-07-05,0,0,0,0,0,1,1,0
2012-07-06,0,0,0,0,0,1,1,0
2012-07-07,0,0,0,0,0,1,1,0
2012-07-08,0,0,0,0,0,1,1,0
2012-07-09,1,0,0,0,0,1,1,0
2012-07-10,0,0,0,0,0,0,0,0
2012-07-11,0,0,0,0,0,0,0,0
2012-07-12,0,0,0,0,0,0,0,0
2012-07-13,0,0,0,0,0,0,0,0
2012-07-14,0,0,0,0,0,0,0,0
2012-07-15,0,0,0,0,0,0,0,0
2012-07-16,0,0,0,0,0,0,0,0
2012-07-17,0,0,0,0,0,0,0,0
2012-07-18,0,0,0,0,0,0,0,0
2012-07-19,0,0,0,0,0,0,0,0
2012-07-20,0,0,0,0,0,0,0,0
2012-07-21,0,0,0,0,0,0,0,0
2012-07-22,0,0,0,0,0,0,0,0
2012-07-23,0,0,0,0,0,0,0,0
2012-07-24,0,0,0,0,0,0,0,0
2012-07-25,0,0,0,0,0,0,0,0
2012-07-26,0,0,0,0,0,0,0,0
2012-05-21,1,0,0,0,0,0,0,0
2012-05-22,0,0,0,0,0,0,0,0
2012-05-23,0,0,0,0,0,0,0,0
2012-05-24,1,0,0,0,0,0,0,0
2012-05-25,0,0,0,0,0,0,0,0
2012-05-26,0,0,0,0,0,0,0,0
2012-05-27,0,0,0,0,0,0,0,0
2012-05-28,0,0,0,0,0,0,0,0
2012-05-29,1,0,0,0,0,0,0,0
2012-05-30,0,0,0,0,0,0,0,0
2012-05-31,0,0,0,0,0,0,0,0
2012-06-01,0,0,0,0,0,0,0,0
2012-06-02,0,0,0,0,0,0,0,0
2012-06-03,0,0,0,0,0,0,0,0
2012-06-04,0,0,0,0,0,0,0,0
2012-06-05,0,0,0,0,0,0,0,0
2012-06-06,0,0,0,0,0,0,0,0
2012-06-07,0,0,0,0,0,0,0,0
2012-06-08,0,0,0,0,0,0,0,0
2012-06-09,0,0,0,0,0,0,0,0
2012-06-10,0,0,0,0,0,0,0,0
2012-06-11,0,0,0,0,0,0,0,0
2012-06-12,0,0,0,0,0,0,0,0
2012-06-13,0,0,0,0,0,0,0,0
2012-06-14,0,0,0,0,0,0,0,0
2012-06-15,0,0,0,0,0,0,0,0
2012-06-16,0,0,0,0,0,0,0,0
2012-06-17,0,0,0,0,0,0,0,0
2012-06-18,0,0,0,0,0,0,0,0
2012-06-19,0,0,0,0,0,0,0,0
2012-06-20,4,0,2,2,0,0,0,0
2012-06-21,1,0,2,2,0,0,0,0
2012-06-22,1,0,2,2,0,0,0,0
2012-06-23,1,0,2,2,0,0,0,0
2012-06-24,1,0,2,2,0,0,0,0
2012-06-25,0,0,2,2,0,0,0,0
2012-06-26,0,0,2,2,0,0,0,0
2012-06-27,0,0,2,2,0,0,0,0
2012-06-28,1,0,2,2,0,0,0,0
2012-06-29,1,0,2,2,0,0,0,0
2012-06-30,0,0,2,2,0,0,0,0
2012-07-01,1,0,2,2,0,0,0,0
2012-07-02,1,0,2,2,0,1,1,0
2012-07-03,0,0,2,2,0,1,1,0
2012-07-04,1,0,0,0,0,1,1,0
2012-07-05,0,0,0,0,0,1,1,0
2012-07-06,0,0,0,0,0,1,1,0
2012-07-07,0,0,0,0,0,1,1,0
2012-07-08,0,0,0,0,0,1,1,0
2012-07-09,1,0,0,0,0,1,1,0
2012-07-10,0,0,0,0,0,0,0,0
2012-07-11,0,0,0,0,0,0,0,0
2012-07-12,0,0,0,0,0,0,0,0
2012-07-13,0,0,0,0,0,0,0,0
2012-07-14,0,0,0,0,0,0,0,0
2012-07-15,0,0,0,0,0,0,0,0
2012-07-16,0,0,0,0,0,0,0,0
2012-07-17,0,0,0,0,0,0,0,0
2012-07-18,0,0,0,0,0,0,0,0
2012-07-19,0,0,0,0,0,0,0,0
2012-07-20,0,0,0,0,0,0,0,0
2012-07-21,0,0,0,0,0,0,0,0
2012-07-22,0,0,0,0,0,0,0,0
2012-07-23,0,0,0,0,0,0,0,0
2012-07-24,0,0,0,0,0,0,0,0
2012-07-25,0,0,0,0,0,0,0,0
2012-07-26,0,0,0,0,0,0,0,0
2012-07-27,0,0,0,0,0,0,0,0
2012-05-21,1,0,0,0,0,0,0,0
2012-05-22,0,0,0,0,0,0,0,0
2012-05-23,0,0,0,0,0,0,0,0
2012-05-24,1,0,0,0,0,0,0,0
2012-05-25,0,0,0,0,0,0,0,0
2012-05-26,0,0,0,0,0,0,0,0
2012-05-27,0,0,0,0,0,0,0,0
2012-05-28,0,0,0,0,0,0,0,0
2012-05-29,1,0,0,0,0,0,0,0
2012-05-30,0,0,0,0,0,0,0,0
2012-05-31,0,0,0,0,0,0,0,0
2012-06-01,0,0,0,0,0,0,0,0
2012-06-02,0,0,0,0,0,0,0,0
2012-06-03,0,0,0,0,0,0,0,0
2012-06-04,0,0,0,0,0,0,0,0
2012-06-05,0,0,0,0,0,0,0,0
2012-06-06,0,0,0,0,0,0,0,0
2012-06-07,0,0,0,0,0,0,0,0
2012-06-08,0,0,0,0,0,0,0,0
2012-06-09,0,0,0,0,0,0,0,0
2012-06-10,0,0,0,0,0,0,0,0
2012-06-11,0,0,0,0,0,0,0,0
2012-06-12,0,0,0,0,0,0,0,0
2012-06-13,0,0,0,0,0,0,0,0
2012-06-14,0,0,0,0,0,0,0,0
2012-06-15,0,0,0,0,0,0,0,0
2012-06-16,0,0,0,0,0,0,0,0
2012-06-17,0,0,0,0,0,0,0,0
2012-06-18,0,0,0,0,0,0,0,0
2012-06-19,0,0,0,0,0,0,0,0
2012-06-20,4,0,2,2,0,0,0,0
2012-06-21,1,0,2,2,0,0,0,0
2012-06-22,1,0,2,2,0,0,0,0
2012-06-23,1,0,2,2,0,0,0,0
2012-06-24,1,0,2,2,0,0,0,0
2012-06-25,0,0,2,2,0,0,0,0
2012-06-26,0,0,2,2,0,0,0,0
2012-06-27,0,0,2,2,0,0,0,0
2012-06-28,1,0,2,2,0,0,0,0
2012-06-29,1,0,2,2,0,0,0,0
2012-06-30,0,0,2,2,0,0,0,0
2012-07-01,1,0,2,2,0,0,0,0
2012-07-02,1,0,2,2,0,1,1,0
2012-07-03,0,0,2,2,0,1,1,0
2012-07-04,1,0,0,0,0,1,1,0
2012-07-05,0,0,0,0,0,1,1,0
2012-07-06,0,0,0,0,0,1,1,0
2012-07-07,0,0,0,0,0,1,1,0
2012-07-08,0,0,0,0,0,1,1,0
2012-07-09,1,0,0,0,0,1,1,0
2012-07-10,0,0,0,0,0,0,0,0
2012-07-11,0,0,0,0,0,0,0,0
2012-07-12,0,0,0,0,0,0,0,0
2012-07-13,0,0,0,0,0,0,0,0
2012-07-14,0,0,0,0,0,0,0,0
2012-07-15,0,0,0,0,0,0,0,0
2012-07-16,0,0,0,0,0,0,0,0
2012-07-17,0,0,0,0,0,0,0,0
2012-07-18,0,0,0,0,0,0,0,0
2012-07-19,0,0,0,0,0,0,0,0
2012-07-20,0,0,0,0,0,0,0,0
2012-07-21,0,0,0,0,0,0,0,0
2012-07-22,0,0,0,0,0,0,0,0
2012-07-23,0,0,0,0,0,0,0,0
2012-07-24,0,0,0,0,0,0,0,0
2012-07-25,0,0,0,0,0,0,0,0
2012-07-26,0,0,0,0,0,0,0,0
2012-07-27,0,0,0,0,0,0,0,0
2012-07-28,0,0,0,0,0,0,0,0
2012-05-21,1,0,0,0,0,0,0,0
2012-05-22,0,0,0,0,0,0,0,0
2012-05-23,0,0,0,0,0,0,0,0
2012-05-24,1,0,0,0,0,0,0,0
2012-05-25,0,0,0,0,0,0,0,0
2012-05-26,0,0,0,0,0,0,0,0
2012-05-27,0,0,0,0,0,0,0,0
2012-05-28,0,0,0,0,0,0,0,0
2012-05-29,1,0,0,0,0,0,0,0
2012-05-30,0,0,0,0,0,0,0,0
2012-05-31,0,0,0,0,0,0,0,0
2012-06-01,0,0,0,0,0,0,0,0
2012-06-02,0,0,0,0,0,0,0,0
2012-06-03,0,0,0,0,0,0,0,0
2012-06-04,0,0,0,0,0,0,0,0
2012-06-05,0,0,0,0,0,0,0,0
2012-06-06,0,0,0,0,0,0,0,0
2012-06-07,0,0,0,0,0,0,0,0
2012-06-08,0,0,0,0,0,0,0,0
2012-06-09,0,0,0,0,0,0,0,0
2012-06-10,0,0,0,0,0,0,0,0
2012-06-11,0,0,0,0,0,0,0,0
2012-06-12,0,0,0,0,0,0,0,0
2012-06-13,0,0,0,0,0,0,0,0
2012-06-14,0,0,0,0,0,0,0,0
2012-06-15,0,0,0,0,0,0,0,0
2012-06-16,0,0,0,0,0,0,0,0
2012-06-17,0,0,0,0,0,0,0,0
2012-06-18,0,0,0,0,0,0,0,0
2012-06-19,0,0,0,0,0,0,0,0
2012-06-20,4,0,2,2,0,0,0,0
2012-06-21,1,0,2,2,0,0,0,0
2012-06-22,1,0,2,2,0,0,0,0
2012-06-23,1,0,2,2,0,0,0,0
2012-06-24,1,0,2,2,0,0,0,0
2012-06-25,0,0,2,2,0,0,0,0
2012-06-26,0,0,2,2,0,0,0,0
2012-06-27,0,0,2,2,0,0,0,0
2012-06-28,1,0,2,2,0,0,0,0
2012-06-29,1,0,2,2,0,0,0,0
2012-06-30,0,0,2,2,0,0,0,0
2012-07-01,1,0,2,2,0,0,0,0
2012-07-02,1,0,2,2,0,1,1,0
2012-07-03,0,0,2,2,0,1,1,0
2012-07-04,1,0,0,0,0,1,1,0
2012-07-05,0,0,0,0,0,1,1,0
2012-07-06,0,0,0,0,0,1,1,0
2012-07-07,0,0,0,0,0,1,1,0
2012-07-08,0,0,0,0,0,1,1,0
2012-07-09,1,0,0,0,0,1,1,0
2012-07-10,0,0,0,0,0,0,0,0
2012-07-11,0,0,0,0,0,0,0,0
2012-07-12,0,0,0,0,0,0,0,0
2012-07-13,0,0,0,0,0,0,0,0
2012-07-14,0,0,0,0,0,0,0,0
2012-07-15,0,0,0,0,0,0,0,0
2012-07-16,0,0,0,0,0,0,0,0
2012-07-17,0,0,0,0,0,0,0,0
2012-07-18,0,0,0,0,0,0,0,0
2012-07-19,0,0,0,0,0,0,0,0
2012-07-20,0,0,0,0,0,0,0,0
2012-07-21,0,0,0,0,0,0,0,0
2012-07-22,0,0,0,0,0,0,0,0
2012-07-23,0,0,0,0,0,0,0,0
2012-07-24,0,0,0,0,0,0,0,0
2012-07-25,0,0,0,0,0,0,0,0
2012-07-26,0,0,0,0,0,0,0,0
2012-07-27,0,0,0,0,0,0,0,0
2012-07-28,0,0,0,0,0,0,0,0
2012-07-29,0,0,0,0,0,0,0,0
2012-05-21,1,0,0,0,0,0,0,0
2012-05-22,0,0,0,0,0,0,0,0
2012-05-23,0,0,0,0,0,0,0,0
2012-05-24,1,0,0,0,0,0,0,0
2012-05-25,0,0,0,0,0,0,0,0
2012-05-26,0,0,0,0,0,0,0,0
2012-05-27,0,0,0,0,0,0,0,0
2012-05-28,0,0,0,0,0,0,0,0
2012-05-29,1,0,0,0,0,0,0,0
2012-05-30,0,0,0,0,0,0,0,0
2012-05-31,0,0,0,0,0,0,0,0
2012-06-01,0,0,0,0,0,0,0,0
2012-06-02,0,0,0,0,0,0,0,0
2012-06-03,0,0,0,0,0,0,0,0
2012-06-04,0,0,0,0,0,0,0,0
2012-06-05,0,0,0,0,0,0,0,0
2012-06-06,0,0,0,0,0,0,0,0
2012-06-07,0,0,0,0,0,0,0,0
2012-06-08,0,0,0,0,0,0,0,0
2012-06-09,0,0,0,0,0,0,0,0
2012-06-10,0,0,0,0,0,0,0,0
2012-06-11,0,0,0,0,0,0,0,0
2012-06-12,0,0,0,0,0,0,0,0
2012-06-13,0,0,0,0,0,0,0,0
2012-06-14,0,0,0,0,0,0,0,0
2012-06-15,0,0,0,0,0,0,0,0
2012-06-16,0,0,0,0,0,0,0,0
2012-06-17,0,0,0,0,0,0,0,0
2012-06-18,0,0,0,0,0,0,0,0
2012-06-19,0,0,0,0,0,0,0,0
2012-06-20,4,0,2,2,0,0,0,0
2012-06-21,1,0,2,2,0,0,0,0
2012-06-22,1,0,2,2,0,0,0,0
2012-06-23,1,0,2,2,0,0,0,0
2012-06-24,1,0,2,2,0,0,0,0
2012-06-25,0,0,2,2,0,0,0,0
2012-06-26,0,0,2,2,0,0,0,0
2012-06-27,0,0,2,2,0,0,0,0
2012-06-28,1,0,2,2,0,0,0,0
2012-06-29,1,0,2,2,0,0,0,0
2012-06-30,0,0,2,2,0,0,0,0
2012-07-01,1,0,2,2,0,0,0,0
2012-07-02,1,0,2,2,0,1,1,0
2012-07-03,0,0,2,2,0,1,1,0
2012-07-04,1,0,0,0,0,1,1,0
2012-07-05,0,0,0,0,0,1,1,0
2012-07-06,0,0,0,0,0,1,1,0
2012-07-07,0,0,0,0,0,1,1,0
2012-07-08,0,0,0,0,0,1,1,0
2012-07-09,1,0,0,0,0,1,1,0
2012-07-10,0,0,0,0,0,0,0,0
2012-07-11,0,0,0,0,0,0,0,0
2012-07-12,0,0,0,0,0,0,0,0
2012-07-13,0,0,0,0,0,0,0,0
2012-07-14,0,0,0,0,0,0,0,0
2012-07-15,0,0,0,0,0,0,0,0
2012-07-16,0,0,0,0,0,0,0,0
2012-07-17,0,0,0,0,0,0,0,0
2012-07-18,0,0,0,0,0,0,0,0
2012-07-19,0,0,0,0,0,0,0,0
2012-07-20,0,0,0,0,0,0,0,0
2012-07-21,0,0,0,0,0,0,0,0
2012-07-22,0,0,0,0,0,0,0,0
2012-07-23,0,0,0,0,0,0,0,0
2012-07-24,0,0,0,0,0,0,0,0
2012-07-25,0,0,0,0,0,0,0,0
2012-07-26,0,0,0,0,0,0,0,0
2012-07-27,0,0,0,0,0,0,0,0
2012-07-28,0,0,0,0,0,0,0,0
2012-07-29,0,0,0,0,0,0,0,0
2012-07-30,0,0,0,0,0,0,0,0
